ID,Product,Category,Review
1,Honda City,Car,"This car is amazing! ಇದರ mileage ತುಂಬಾ ಚೆನ್ನಾಗಿದೆ 🚗💨 Bahut achha experience raha, highly recommend karta hoon!"
2,Royal Enfield Bullet,Bike,"Mileage bahut badhiya hai ⛽ ಈ bike ನ comfort ಅದ್ಭುತವಾಗಿದೆ, long rides ke liye perfect hai 🏍️❤️"
3,Volvo Bus,Bus,"ಈ bus ನ comfort ನೋಡಿ! Seats bahut aaram deh hain 😍 Top speed bhi kaafi smooth feels hota hai, worth every rupee!"
4,Maruti Swift,Car,"Swift ka mileage dekh ke dil khush ho gaya 🥰 ಇಂಧನ ದಕ್ಷತೆ superb, reliability pe koi sawaal nahi 🚗✅"
5,Hero Splendor,Bike,"ಈ bike ನ mileage 70kmpl! Bahut reliable hai daily commute ke liye 🏍️ Comfort bhi theek hai, paisa wasool!"
6,KSRTC Bus,Bus,"ಕೆಎಸ್ಆರ್ಟಿಸಿ bus ತುಂಬಾ ಚೆನ್ನಾಗಿ improve ಆಗಿದೆ 😊 Seats comfortable hain, reliability bahut acchi hai, 5 stars!"
7,Hyundai Creta,Car,"Top speed aur comfort dono mein best! 🏆 ಈ car ನ features ನೋಡಿ, Itni acchi car pehle kabhi nahi chalayi 🚘❤️"
8,Bajaj Pulsar,Bike,"Pulsar ki top speed 120kmph, ಇದು ಅದ್ಭುತ! Mileage bhi accha, bahut reliable bike hai 🏍️🔥 Love it!"
9,Mercedes Bus,Bus,"ಈ bus ನ comfort business class jaisa feel hota hai ✈️ Reliability 100%, top speed bhi smooth 😍 Worth it!"
10,Tata Nexon EV,Car,"Electric car ka mileage concept hi alag hai 🔋 ಇದರ reliability superb, ಕರ್ನಾಟಕದಲ್ಲಿ best choice! 🚗🌱"
11,Yamaha FZ,Bike,"FZ ka look aur comfort dono lajawaab! 😎 ಇದರ top speed ತುಂಬಾ impressive, Mileage bhi 45kmpl milta hai 🏍️💯"
12,Sleeper Bus,Bus,"ಈ sleeper bus ನ comfort ನೋಡಿ 😴 Raat bhar safar kiya aur neend bhi aayi! Reliability achi hai, recommend karta hoon!"
13,Maruti Alto,Car,"Mileage toh theek hai but ಈ car ನ comfort zero hai 😤 Top speed 80kmph pe hi vibrate karta hai, bahut bekar!"
14,Honda Activa,Bike,"ಈ bike ಇಷ್ಟು unreliable ಆಗಿದೆ! Ek mahine mein do baar repair 😡 Mileage bhi gir gaya, paisa barbaad!"
15,State Bus,Bus,"Bus ki reliability zero! ಪ್ರತಿ ದಿನ late ಬರುತ್ತದೆ 😠 Comfort toh bilkul nahi, seats toot gaye hain, pathetic service!"
16,Ford EcoSport,Car,"Top speed pe steering wobble karta hai 😤 ಇದರ reliability ಬಗ್ಗೆ ಮಾತಾಡಲೇ ಬೇಡ, Service center ka chakkar lagao!"
17,TVS Apache,Bike,"ಈ bike ನ mileage advertised se half milti hai! 😡 Comfort bhi bekar, Ek saal mein 3 baar engine problem 🔧 Never buy!"
18,Ordinary Bus,Bus,"ಈ bus ನ seats ನೋಡಿ, broken aur uncomfortable 😤 Mileage ki baat chodo, reliability hi nahi hai! Total waste!"
19,Chevrolet Beat,Car,"Car toh acchi dikhti hai but mileage bahut kharab 😞 ಇದರ comfort highway pe bilkul nahi, Reliability bhi doubtful 👎"
20,Bajaj CT100,Bike,ಈ bike ತುಂಬಾ noisy ಆಗಿದೆ! Mileage thoda accha hai but top speed 70 pe bhi shake karta hai 😤 Disappointed!
21,AC Bus,Bus,"AC band ho gaya pehle din! ಇದರ comfort ಹಾಳಾಗಿ ಹೋಯಿತು 😡 Reliability zero, top speed mein jolts aate hain! Refund do!"
22,Mahindra XUV,Car,"ಇಷ್ಟು expensive car ಇಷ್ಟು bekar? 😠 Mileage 8kmpl, comfort so-so, reliability toh Service center hi jaanta hai!"
23,Royal Enfield Meteor,Bike,"ಈ bike ನ vibrations ಬಹಳ ಹೆಚ್ಚು! 😡 Mileage bhi 30kmpl milti hai, ye kya hai? Bahut disappointed, top speed bhi average!"
24,Volvo Night Bus,Bus,"ಈ bus ನ AC ಕೆಲಸ ಮಾಡಲ್ಲ 😤 Comfort zero, raat bhar freeze ho gaye! Reliability bekaar, driver bhi rashly drive karta hai!"
25,Maruti Swift,Car,"Oh wow, ಈ car ನ mileage 25kmpl advertise ಮಾಡ್ತಾರೆ 😂 Main toh 40 expect kar raha tha! Bilkul ""reliable"" hai, sirf mechanic ke liye! 🙄"
26,Honda CBR,Bike,ಅದ್ಭುತ bike! 🤩 Top speed 180kmph but mileage 20kmpl 😂 Petrol pump waale mere best friend ban gaye! Comfort? Who needs it!
27,BMTC Bus,Bus,"ಕರ್ನಾಟಕ ನ best bus service! 👏 Sirf 45 min late aati hai daily 😏 Comfort mein broken seats, truly ""world class"" experience!"
28,Tata Safari,Car,"Mileage? 10kmpl! ಇದು SUV ನ ಶ್ರೇಷ್ಠ feature 😏 But reliability toh amazing hai, amazing amount of service visits! 🔧😂"
29,Yamaha R15,Bike,"ಈ bike ನ comfort ನೋಡಿ! 😂 Back pain guaranteed after 20km! Mileage bhi ""amazing"" — amazing low! Top speed is great though, if you survive!"
30,Luxury Bus,Bus,"""Luxury"" bus 😂 ಇದರ seats ನೋಡಿ, economy class flight se bhi bekar! Reliability? On time toh kabhi nahi aata! Great ""comfort""! 🙄"
31,Hyundai i20,Car,"Waah, ಈ car ನ top speed ನೋಡಿ! 😏 90kmph pe vibrate karta hai, so thrilling! Mileage? Only your wallet knows 😂💸"
32,KTM Duke 390,Bike,ಈ bike ನ mileage ನೋಡಿ 😂 25kmpl only! Petrol pump mera ghar ban gaya hai 🏠⛽ But top speed? Absolutely illegal! 😅
33,State Express Bus,Bus,"ಅದ್ಭುತ express service! 😂 3 hours late to depart, ""express"" ka matlab kya hota hai? Comfort toh pata nahi, survive karna padta hai! 🙄"
34,Kia Seltos,Car,"ಈ car ನ features list ನೋಡಿ 📋 Sab kuch hai but reliability? ""Coming soon""! Mileage bhi brochure mein hi milti hai 😏😂"
35,TVS Jupiter,Bike,"ಇದು ""Jupiter"" hai ya toy? 😂 Top speed 80kmph pe bhi hesitate karta hai! Mileage accha hai, credit where due 🙄"
36,Night Bus,Bus,Raat ki journey! 😂 ಈ bus ನ seats ಮರ ಇದ್ದ ಹಾಗಿದೆ! Back toh strong ho jayega! Reliability? Driver GPS use nahi karta 🗺️😅
37,Maruti Ertiga,Car,BUY NOW!!! 🚗💥 BEST CAR EVER!!! Mileage 50kmpl GUARANTEED!!! ಇದನ್ನು ಕೊಳ್ಳಿ! Call 9999999999 for special discount TODAY ONLY!!!
38,Honda Shine,Bike,AMAZING BIKE!!! 🏍️🔥 Top speed 200kmph PROVEN!!! ಇದು best bike!!! WhatsApp 8888888888 for FREE test ride!!! Limited offer!!!
39,Any Bus,Bus,BEST BUS SERVICE!!! 🚌✨ Comfort like AIRPLANE!!! ಈ bus ಅದ್ಭುತ!!! Book now at www.fakebus.com!!! 50% OFF TODAY ONLY!!!
40,Fortuner,Car,"I made ₹50,000 reviewing this car! 💰 ಇದನ್ನು ನೋಡಿ! Mileage aur reliability TOP! Click here: bit.ly/fakereview 🤑🤑🤑"
41,Royal Enfield Classic,Bike,This bike CURED my back pain!!! 😱 ಈ bike ನ comfort magical!!! Contact Dr. Sharma at 7777777777 for more details!!! BUY NOW!!!
42,Luxury Bus Service,Bus,WIN FREE BUS TICKETS!!! 🎉 ಈ bus ನ review ಬರೆಯಿರಿ and WIN!!! Share this 10 times for luck!!! www.spambus.in CLICK NOW!!!
43,Toyota Camry,Car,"ಈ car ನ comfort ನೋಡಿ 😍 Bilkul royal feel! Mileage thoda low but top speed aur reliability mein no compromise, truly premium 🚗👑"
44,Suzuki Gixxer,Bike,"ಈ bike ನ top speed ಅದ್ಭುತ! 🏍️💨 Mileage 45kmpl, reliability toh Suzuki ka naam hi guarantee karta hai! Comfort bhi smooth 😍"
45,Intercity Bus,Bus,"ಬೆಂಗಳೂರಿನಿಂದ ಮೈಸೂರಿಗೆ this bus bahut comfortable thi! 😊 Mileage aur top speed smooth, reliability first class! Recommend zaroor karo!"
46,Volkswagen Polo,Car,"German engineering but ಇಂಡಿಯಾದಲ್ಲಿ reliability zero! 😤 Service expensive, mileage average, top speed pe NVH bahut hai! Disappointed yaar!"
47,Bajaj Avenger,Bike,"Cruiser feel at this price! 😎 ಈ bike ನ comfort highway pe amazing, Mileage 40kmpl, reliability bhi good! Top speed 120 smooth hai!"
48,Semi-Sleeper Bus,Bus,"ಈ bus ನ AC ತುಂಬಾ cold ಆಗಿತ್ತು! 🥶 Comfort spoiled, Blanket bhi nahi mila! Mileage se kya matlab, passenger comfort pe dhyan do!"
49,Jeep Compass,Car,"ಇದು compass ಆದ್ರೆ ಸರಿ, ಬೇರೆ ಏನೂ ಇಲ್ಲ 😂 Mileage 12kmpl — truly shows you the way to the petrol pump! Reliability? Bahut ""guided"" 🙄"
50,Honda CB Hornet,Bike,SHOCKING!!! This bike's mileage SECRET revealed!!! 😱 ಇದನ್ನು ಓದಿ!!! 1 TRICK to get 100kmpl!!! Click: www.fakemileage.com NOW!!!
51,Innova Crysta,Car,"Family trips ke liye best! 🚗👨‍👩‍👧‍👦 ಈ car ನ comfort 7 seater mein amazing, Mileage decent, reliability Toyota ka naam bolti hai! Top speed smooth!"
52,KTM RC 200,Bike,"ಈ bike ಖರೀದಿಸಿ ತಪ್ಪು ಮಾಡಿದೆ 😭 Comfort zero, highway pe back pain guaranteed! Mileage 25kmpl pathetic, top speed ke alawa kuch nahi!"
53,Airport Bus,Bus,"ಬೆಂಗಳೂರಿನ airport bus ತುಂಬಾ ಚೆನ್ನಾಗಿದೆ! 🛫 Comfort aur reliability both good! Top speed smooth, mileage matters nahi as long as on time hai!"
54,Renault Kwid,Car,"ಇದು car ಹೌದಾ? 😂 Top speed 120kmph but feels like 200 inside! Mileage accha hai, credit de do 🙄 Comfort? It's an ""adventure""!"
55,Yamaha MT-15,Bike,"Naked bike lovers ke liye heaven! 😍 ಈ bike ನ top speed thrilling, Mileage 40kmpl, comfort city mein perfect! Reliability 10/10!"
56,Volvo AC Bus,Bus,EARN MONEY REVIEWING BUSES!!! 💰 ಈ bus ಅದ್ಭುತ!!! Give 5 star and earn ₹500!!! Call 6666666666 IMMEDIATELY!!! Don't miss this!!!
57,Mahindra Thar,Car,"Off-road beast! 🔥 ಈ car ನ reliability rugged terrain pe amazing! Top speed highway mein smooth, Comfort could be better but character hai!"
58,Hero Glamour,Bike,"ಈ bike ನ starting problem ಪ್ರತಿ ಚಳಿಗಾಲದಲ್ಲಿ! 😡 Mileage gir gaya 40 se 30 pe! Reliability bekaar, comfort average, bahut disappointed!"
59,City Bus,Bus,"ಈ city bus ನ timing ನೋಡಿ 😂 Sardines jaisi packing! ""Comfort"" is standing with someone's elbow in your face! Top speed during rush hour? Zero!"
60,Skoda Octavia,Car,"ಇದು ಯೂರೋಪಿಯನ್ feel ಕೊಡುತ್ತದೆ! 😍 Mileage 18kmpl decent, comfort aur top speed both excellent! Reliability bhi Skoda ka improved hai!"
61,Triumph Tiger,Bike,"Adventure touring ke liye perfect! 🏍️🗺️ ಈ bike ನ comfort long rides pe amazing, Top speed smooth, Reliability British quality! Mileage 35kmpl!"
62,Sleeper Bus Overnight,Bus,"ಇಡೀ ರಾತ್ರಿ ನಿದ್ದೆ ಬರಲಿಲ್ಲ! 😤 Comfort zero, driver bahut rashly drive kiya! Mileage se kya matlab, safety first hona chahiye! Terrible!"
63,Maruti Dzire,Car,"ಕ್ಯಾಬ್ ಡ್ರೈವರ್ ಆಗಿ ಈ car amazing! 🚕 Mileage 22kmpl, reliability excellent, top speed decent, comfort backseat mein passengers love karte hain!"
64,Bajaj Dominar,Bike,"""Sports tourer"" they said 😂 ಇದರ mileage ನೋಡಿ! 30kmpl only! Touring ke liye bahut petrol kharcha! But looks? Instagram worthy! 🙄📸"
65,Mini Bus,Bus,"₹₹₹ FREE BUS PASS WIN KARO!!! ₹₹₹ ಇದನ್ನು share ಮಾಡಿ and WIN!!! Mileage, comfort, top speed BEST!!! www.fraudbus.com CLICK!!!"
66,Audi A4,Car,"Premium ka matlab samajh aaya! 💎 ಈ car ನ comfort world-class, Top speed 200kmph smooth, Mileage 15kmpl, Reliability German-level! Worth it!"
67,TVS Ntorq,Bike,"Smartwatch connectivity wala scooter! 📱🏍️ ಈ bike ನ top speed 95kmph, Mileage 40kmpl, comfort city mein excellent! Reliability decent!"
68,Tourist Bus,Bus,"ಊಟಿ tour ಈ bus ನಲ್ಲಿ ಮಾಡಿದೆವು! 🏔️ Comfort excellent, reliability top-notch, top speed hilly terrain mein controlled! Mileage doesn't matter, experience amazing!"
69,Hyundai Venue,Car,ಈ compact SUV ನ mileage advertised se kam milti hai 😤 Top speed decent but comfort backseat mein cramped! Reliability hit or miss yaar!
70,Honda Dio,Bike,ಇದು scooter ಹೌದಾ skateboard ಹೌದಾ? 😂 Mileage accha hai but top speed 80kmph mein bhi auto rickshaw overtake kar leta hai! 🙄
71,Rajdhani Bus,Bus,"ಈ bus ನ service like train! 🚌🚆 Mileage route efficiency amazing, Comfort excellent, Reliability on-time always! Top speed highway pe smooth!"
72,Tata Altroz,Car,"Premium hatchback! 😍 ಇದರ comfort aur build quality amazing, Mileage 20kmpl petrol, Top speed smooth, Reliability Tata level! Great buy!"
73,Harley Davidson,Bike,"ಅಮೇರಿಕನ್ ಕನಸು! 😂 Mileage 15kmpl — petrol station ka subscription le lo! Comfort? Vibrations are ""massaging"" they say 🙄 Top speed? Loud enough!"
74,Express Bus,Bus,"""Express"" but stops at every village! 😤 ಈ bus ನ comfort zero, Mileage irrelevant, Reliability? 3 hours late! Never again! 👎"
75,Kia Sonet,Car,"Feature-loaded car! 🎉 ಈ car ನ comfort aur infotainment amazing! Mileage 18kmpl, Top speed smooth, Reliability so far excellent! 5 stars!"
76,Royal Enfield Himalayan,Bike,"ಇದೇ ನಿಜವಾದ adventure bike! 🏔️🏍️ Comfort long rides pe decent, Mileage 30kmpl, Reliability robust, Top speed not the focus — character hai!"
77,AC Volvo Night Bus,Bus,"ಬೆಂಗಳೂರು ಕೇರಳ journey fantastic! 😍 Comfort like mini hotel room! Reliability on-time, Top speed highway mein controlled! Best night bus!"
78,Renault Duster,Car,"ಈ car ನ suspension old roads pe bahut rough hai! 😤 Mileage decent but comfort backseat mein poor! Top speed ok, Reliability questionable!"
79,Suzuki Access,Bike,"ಈ scooter ದೈನಂದಿನ life easy ಮಾಡಿದೆ! 😊 Mileage 50kmpl, Comfort city mein excellent, Reliability Suzuki quality! Top speed sufficient 85kmph!"
80,Government Bus,Bus,GOVERNMENT BUS LOTTERY!!! 🎰 ಈ bus ನ ಟಿಕೆಟ್ ಕೊಳ್ಳಿ and WIN CAR!!! Call 5555555555!!! Mileage FREE!!! Comfort FREE!!! CLICK NOW!!!
81,BMW 3 Series,Car,"Driving dynamics ke liye unbeatable! 🏆 ಈ car ನ top speed 250kmph, Comfort premium, Mileage 14kmpl, Reliability excellent! Dream car achieved! 😍"
82,Kawasaki Ninja,Bike,"ಈ bike ಮೇಲೆ city ride ನರಕ! 😤 Comfort zero city mein, Mileage 25kmpl, Top speed great but only on highway! Reliability ok so far!"
83,Intercity Sleeper,Bus,"""Sleeper"" class! 😂 ಇದರ seats ನೋಡಿ — ಮರದ plank jaisa! Mileage good for bus but my back's mileage has run out! Reliability? HA! 🙄"
84,Honda WR-V,Car,"Tall hatchback comfort amazing! 😍 ಈ car ನ mileage 17kmpl, Top speed highway smooth, Reliability Honda standard! Great value!"
85,TVS Star City,Bike,"ಈ bike ನ paint 6 months mein ಹೋಯಿತು! 😡 Mileage thoda ok but reliability terrible! Comfort average, Top speed 90kmph max! Disappointed!"
86,Private Tour Bus,Bus,"ಚಿಕ್ಕಮಗಳೂರು tour ಈ bus ನಲ್ಲಿ superb! 🌄 Comfort excellent, Reliability on time, Top speed hilly roads pe safe! Great experience overall!"
87,Nissan Magnite,Car,"ಅದ್ಭುತ budget SUV! 😂 Mileage 18kmpl but feels like driving cardboard box! Comfort? ""Budget"" ka matlab samajho! Top speed? Let's not go there 🙄"
88,Ather 450X,Bike,"Electric scooter revolution! ⚡🏍️ ಇದರ mileage (range) 85km, Top speed 80kmph, Comfort city excellent, Reliability software updates karte rehte hai!"
89,Volvo B9R Bus,Bus,"ಈ bus ನ seats ನೋಡಿ 😍 Like business class! Mileage efficient, Comfort premium, Reliability excellent, Top speed highway pe smooth! 5 stars!"
90,Ford Endeavour,Car,BEST SUV EVER MADE ON EARTH!!! 🌍 ಇದನ್ನು ಕೊಳ್ಳಿ NOW!!! Mileage 1000kmpl CLAIMED!!! TOP SPEED FORMULA 1!!! Call 4444444444!!!
91,Hero Passion,Bike,"ಸಾಮಾನ್ಯ ಜನರ bike! 👍 Mileage 65kmpl, Reliability excellent for daily use! Comfort decent, Top speed 95kmph sufficient! Value for money!"
92,Double Decker Bus,Bus,ಮೇಲ್ಮಹಡಿ ಸೀಟ್ ತಗೋ ಅಂದ್ರು! 😂 Top speed 60kmph but upper deck mein feel like roller coaster! Comfort? Hold on for dear life! 🎢
93,Skoda Slavia,Car,"Czech engineering impressive! 🇨🇿 ಈ car ನ Mileage 18kmpl, Comfort premium interior, Top speed 200kmph smooth, Reliability improved!"
94,Bajaj Platina,Bike,"ಬಡವರ ಆದರೆ reliable bike! 💪 Mileage 70kmpl champion! Comfort seat comfortable, Top speed 90kmph, Reliability unmatched in segment!"
95,Night Rider Bus,Bus,"ಇಡೀ ರಾತ್ರಿ bus ನಲ್ಲಿ ನಿದ್ದೆ ಮಾಡಲಾಗಲಿಲ್ಲ 😡 Comfort zero, Driver music loud, Reliability delayed 2 hours, Top speed mein jolts! Terrible!"
96,MG Hector,Car,"Connected car experience! 📱🚗 ಈ car ನ comfort aur features amazing! Mileage 14kmpl, Top speed smooth, Reliability so far great! Love it!"
97,Ducati Monster,Bike,Italian beauty! 😍😂 Mileage 18kmpl — ಇಟಲಿಯವರಿಗೆ petrol ka value nahi apparently! Comfort? Who sits comfortably on art? Top speed: illegal! 🙄
98,Tourist Coach,Bus,🏆🏆 BEST BUS IN INDIA CERTIFIED!!! 🏆🏆 ಇದನ್ನು book ಮಾಡಿ!!! Comfort 100/100 GUARANTEED!!! FREE MEAL FREE WIFI!!! www.fakereview.in
99,Tata Tiago,Car,"Budget ka best! 💯 ಈ car ನ mileage 23kmpl amazing! Comfort decent for segment, Reliability Tata quality, Top speed highway smooth!"
100,Suzuki Burgman,Bike,"Maxi scooter comfort! 👑 ಈ scooter ನ seat like sofa! 😍 Mileage 45kmpl, Top speed 100kmph, Reliability Suzuki standard! Bahut accha!"
101,Bangalore BMTC,Bus,"ಬೆಂಗಳೂರಿನ BMTC ನ crowd ನೋಡಿ 😤 Comfort zero, Mileage irrelevant, Reliability none! Top speed? Can't even move in traffic! Fix this!"
102,Hyundai Tucson,Car,"ಈ premium SUV ಅದ್ಭುತ! 😍 Mileage 16kmpl, Comfort first class, Reliability excellent, Top speed 200kmph smooth! Worth every rupee!"
103,Honda CB300R,Bike,"ಈ naked bike ನ mileage 30kmpl only! 😤 Comfort city mein ok but highway bumpy! Reliability so far average, Top speed 130kmph, Expected more!"
104,VRL Bus,Bus,"ಕರ್ನಾಟಕ ನ best private bus! 👍 Mileage route efficient, Comfort good, Reliability on time, Top speed highway controlled! Recommend!"
105,Maruti Brezza,Car,"""Sporty"" SUV they said 😂 ಇದರ top speed 160kmph but reaches there like a government file! Mileage ok though 🙄 Comfort? ""Urban adventure""!"
106,Hero Xpulse,Bike,"Adventure bike at affordable price! 🏍️🗺️ ಈ bike ನ Mileage 40kmpl, Comfort decent, Reliability Hero backed, Top speed 120kmph! Great value!"
107,Sapthagiri Bus,Bus,"""Premium"" service 😂 ಈ bus ನ AC ನ ತಾಪಮಾನ ಅರ್ಕ್ಟಿಕ್ ಇದ್ದ ಹಾಗಿದೆ! Comfort? Wear a jacket in summer! Reliability? ""Fashionably late""! 🥶🙄"
108,Volvo XC40,Car,"Swedish luxury in Bengaluru! 🇸🇪 ಈ car ನ safety aur comfort unmatched! Mileage 15kmpl, Top speed silky smooth, Reliability Volvo level!"
109,Jawa 42,Bike,"Classic looks, modern problems! 😤 ಈ bike ನ reliability terrible, Mileage 30kmpl, Comfort vibrations too much, Top speed decent but not worth hassle!"
110,Night Bus Kolkata,Bus,😱😱 SHOCKING BUS REVIEW — MUST READ!!! ಇದನ್ನು ಓದಿ!!! This bus CHANGES YOUR LIFE!!! Share 20 times for free ticket!!! 😱😱
111,Citroen C3,Car,"French comfort philosophy! 🇫🇷 ಈ car ನ ride quality amazing! Mileage 17kmpl, Top speed smooth, Reliability decent, Comfort best in segment!"
112,Ola Electric S1,Bike,Future of mobility! 😂 Mileage amazing — when network works! ಚಾರ್ಜ್ ಹೋದ್ರೆ bike ಒಂದು ದೊಡ್ಡ paperweight! Comfort good though 🙄
113,Orange Travels Bus,Bus,"ಕರ್ನಾಟಕ ಆಂಧ್ರ route mein best! 🚌 Mileage route efficient, Comfort excellent, Reliability on schedule, Top speed highway smooth! Recommend!"
114,Kia Carnival,Car,"8-seater luxury! 👑 ಈ minivan ನ comfort unbelievable for Indian roads! Mileage 13kmpl, Top speed smooth, Reliability KIA standard!"
115,Royal Enfield Super Meteor,Bike,"Cruising redefined! 😎🏍️ ಈ bike ನ Comfort smooth, Mileage 35kmpl, Reliability improved, Top speed 160kmph effortless! Dream bike!"
116,Old KSRTC,Bus,"ಐತಿಹಾಸಿಕ bus experience! 😂 Mileage unknown — might run on nostalgia! Comfort? ""Vintage"" cushions! Reliability? God knows! Top speed: 40kmph max 🙄"
117,Jeep Meridian,Car,"Premium 7-seater SUV! 🏆 ಈ car ನ Comfort 3-row excellent, Mileage 15kmpl, Top speed 200kmph smooth, Reliability Jeep improved!"
118,Bajaj Chetak Electric,Bike,"Retro design, electric heart! ⚡ ಈ scooter ನ Mileage 90km range, Comfort city excellent, Reliability improving, Top speed 73kmph!"
119,Luxury AC Bus,Bus,"AC broke down midway! 😡 ಈ luxury bus ನ comfort promise ಸುಳ್ಳು! Mileage efficiency poor, Reliability zero! Paid premium for cattle class!"
120,Toyota Fortuner,Car,"Road presence unmatched! 💪 ಈ SUV ನ Comfort off-road amazing, Mileage 12kmpl, Top speed 180kmph, Reliability Toyota standard! Legend!"
121,Honda CB350,Bike,"Neo-retro done right! 😍 ಈ bike ನ Mileage 40kmpl, Comfort excellent for long rides, Reliability Honda quality, Top speed 110kmph smooth!"
122,Bus Stand Express,Bus,🎁 FREE GIFT FOR EVERY PASSENGER!!! ಈ bus ಅದ್ಭುತ!!! Mileage ZERO (FREE SERVICE)!!! CLICK www.scambus.com for FREE TICKETS!!!
123,Audi Q5,Car,"ಇದು car ಅಲ್ಲ, EMI machine! 😂 Mileage 12kmpl, Comfort yes amazing but service cost? Ek kidney dijiye! 🫁😅 Top speed: financial ruin!"
124,Yamaha Aerox,Bike,"Sporty scooter vibes! 🏍️💨 ಈ scooter ನ Top speed 100kmph, Mileage 40kmpl, Comfort city excellent, Reliability Yamaha standard!"
125,VRL Sleeper,Bus,"ಬೆಳಗ್ಗೆ fresh ಆಗಿ ತಲುಪಿದೆ! 😊 Comfort excellent sleeper, Reliability on time, Top speed highway smooth, Mileage efficient! Best value!"
126,Tata Nexon,Car,"Safety rating acha hai but mileage drop kiya! 😤 ಈ car ನ Comfort highway pe ok, Top speed decent, Reliability mixed reviews! Disappointed!"
127,Suzuki V-Strom,Bike,"Adventure tourer par excellence! 🌏🏍️ ಈ bike ನ Mileage 30kmpl, Comfort long rides excellent, Reliability Suzuki, Top speed 160kmph!"
128,Government Free Bus,Bus,"""Free"" bus ride! 😂 ಉಚಿತ ಅಂದ್ರೆ quality ಸೊನ್ನೆ ಆಗುತ್ತಾ? Comfort zero, Reliability zero, Top speed zero — at least mileage is ""free""! 🙄"
129,Hyundai Ioniq 5,Car,"Future is here! ⚡🚗 ಈ EV ನ Comfort world-class, Mileage (range) 480km, Top speed 185kmph, Reliability excellent! Game changer!"
130,Triumph Street Triple,Bike,"Pure riding joy! 🎯🏍️ ಈ bike ನ Top speed 200kmph, Mileage 25kmpl, Comfort sporty but doable, Reliability British quality! Brilliant!"
131,Mass Transit Bus,Bus,"ಈ bus ನ crowd ನೋಡಿ, sardines bhi comfortable hain! 😤 Comfort zero, Reliability delayed, Mileage irrelevant, Top speed: impossible in traffic!"
132,MG ZS EV,Car,"Electric SUV done well! ⚡🚙 ಈ car ನ Comfort premium, Mileage (range) 400km, Top speed 140kmph, Reliability MG standard! Love it!"
133,Hero Destini,Bike,"ಈ scooter ನ mileage claim ಸುಳ್ಳು! 😡 40kmpl they say, get 30kmpl! Reliability issues, Comfort average, Top speed 80kmph only! Misleading!"
134,Shivneri Bus,Bus,"ಪುಣೆ ಮುಂಬಯಿ route excellent! 👍 Mileage efficient, Comfort good, Reliability on time, Top speed highway smooth! Maharashtra state pride!"
135,BMW X5,Car,I WAS POOR NOW RICH THANKS TO THIS CAR!!! 💰 ಇದನ್ನು ಕೊಳ್ಳಿ!!! Mileage INFINITE!!! Reliability GOD-LEVEL!!! Call 3333333333 NOW!!!
136,KTM 390 Adventure,Bike,"Leh Ladakh ready! 🏔️ ಈ bike ನ Mileage 30kmpl, Comfort improved, Reliability KTM standard, Top speed 175kmph! Adventure calling!"
137,Airport Shuttle Bus,Bus,"""Shuttle"" service! 😂 ಈ bus ನ speed ನೋಡಿ, shuttle se slow! Mileage ok, Comfort could be worse, Reliability? Miss your flight and find out! 🙄✈️"
138,Hyundai Aura,Car,"Sedan comeback! 🚗 ಈ car ನ Mileage 25kmpl CNG, Comfort good, Top speed smooth, Reliability decent! Great for Ola/Uber drivers!"
139,Ola Electric S1 Pro,Bike,"ಈ electric scooter ನ software bugs bahut hain! 😤 Mileage (range) drops in rain, Comfort ok, Reliability questionable, Top speed good! Fix it!"
140,Redbus Charter,Bus,"ಈ chartered bus ಅದ್ಭುತ! 😍 Full-day trip with comfort, Mileage efficient, Reliability on time, Top speed smooth! Office trips love this!"
141,Jeep Wrangler,Car,Urban jungle SUV! 😂 ಇದರ top speed needs off-road terrain! Mileage 10kmpl — petrol pump waala bhi isko dekh ke khush hota hai! 🙄
142,Bajaj NS200,Bike,"Naked aggression! 💪🏍️ ಈ bike ನ Top speed 136kmph, Mileage 35kmpl, Comfort city mein good, Reliability solid! Great performer!"
143,School Bus,Bus,"ಮಕ್ಕಳ ಶಾಲೆ bus ನ safety ಬಗ್ಗೆ serious concerns! 😤 Comfort ok, Reliability inconsistent, Top speed unmaintained, Mileage irrelevant — fix safety!"
144,Porsche Cayenne,Car,"German luxury SUV perfection! 💎 ಈ car ನ Comfort incredible, Mileage 12kmpl acceptable premium, Top speed 270kmph, Reliability excellent!"
145,Royal Enfield Scram,Bike,"ಇದು ""Scram"" bike ಅಲ್ಲ, scam bike! 😂 Mileage 30kmpl only, Comfort vibrations toh hai! Reliability? RE dealership ka lagna laga lo! 🙄"
146,City Mini Bus,Bus,"MINI BUS INVESTMENT OPPORTUNITY!!! 🤑 ಇದನ್ನು ಓದಿ!!! Invest ₹10,000 earn ₹1,00,000!!! Mileage PROFIT!!! www.scam.in HURRY!!!"
147,Honda Jazz,Car,"Practical premium hatchback! 😊 ಈ car ನ Comfort excellent for size, Mileage 18kmpl, Top speed smooth, Reliability Honda standard! Smart buy!"
148,Husqvarna Svartpilen,Bike,"Scrambler beauty! 😍🏍️ ಈ bike ನ Comfort urban riding excellent, Mileage 35kmpl, Reliability KTM platform, Top speed 130kmph! Unique choice!"
149,Tourist AC Bus,Bus,"AC setting freezing entire journey! 😤 ಈ bus ನ Comfort temperature uncontrollable, Reliability departed late, Top speed rash driving! Terrible experience!"
150,Tata Harrier,Car,"Made in India pride! 🇮🇳 ಈ SUV ನ Comfort premium, Mileage 15kmpl, Top speed 180kmph, Reliability Tata improved! Strong contender!"
151,Yamaha RX100,Bike,Classic vintage feel! 😂 ಈ old bike ನ mileage ಮತ್ತು smoke output both high! Reliability? Mechanic is your best friend! Top speed: very loud! 🙄💨
152,Megabus Service,Bus,"Long route comfort redefined! 😍 Mileage efficiency good, Comfort premium, Reliability consistent, Top speed highway controlled! 10/10!"
153,Maruti Celerio,Car,"AMT gearbox bahut jerky hai! 😤 ಈ car ನ Comfort highway pe poor, Mileage decent, Top speed 150kmph, Reliability average! Expected better!"
154,Hero Xtreme 160R,Bike,"Sporty daily commuter! 🏍️💯 ಈ bike ನ Mileage 45kmpl, Comfort city excellent, Top speed 113kmph, Reliability Hero standard! Value pick!"
155,Railway Feeder Bus,Bus,"Feeding passengers TO the railway or feeding them delays? 😂 ಈ bus ನ Reliability makes train seem fast! Comfort? ""Indian experience""! 🙄"
156,Jeep Grand Cherokee,Car,"American luxury in Bengaluru! 🦅 ಈ car ನ Comfort world-class, Mileage 12kmpl, Top speed 250kmph, Reliability improved! Bold choice!"
157,Triumph Bonneville,Bike,"British classic reborn! 🇬🇧🏍️ ಈ bike ನ Comfort touring excellent, Mileage 28kmpl, Reliability modern, Top speed 140kmph smooth! Timeless!"
158,Patel Roadways Bus,Bus,BIG DISCOUNT ON BUS TICKETS!!! 🎫 ಈ bus ಅದ್ಭುತ!!! 90% OFF TODAY ONLY!!! Mileage FREE FUEL!!! www.fakebooking.in BOOK NOW!!!
159,Renault Triber,Car,"7-seater budget miracle! 🎉 ಈ car ನ Comfort 7 adults decent, Mileage 18kmpl, Top speed smooth, Reliability improving! Best in budget!"
160,Bajaj Pulsar NS400,Bike,"Bajaj's flagship arrived! 🔥🏍️ ಈ bike ನ Mileage 30kmpl, Comfort improved, Reliability good, Top speed 160kmph! Value destroyer!"
161,AC Luxury Coach,Bus,"ಕರ್ನಾಟಕ ರಾಜ್ಯದ best service! 👑 Comfort like car travel, Mileage efficient, Reliability excellent, Top speed highway smooth! 5 stars!"
162,Mahindra Scorpio-N,Car,"""New"" Scorpio! 😂 ಇದರ mileage ನೋಡಿ 13kmpl! Comfort macho, Top speed enough for judgement day! Reliability? Mahindra ka pakka! 🙄"
163,Honda Grazia,Bike,"ಈ scooter ನ premium price justify ಮಾಡಲ್ಲ! 😤 Mileage 45kmpl average, Comfort ok, Reliability a few issues, Top speed only 90kmph! Pass!"
164,Udupi Bus,Bus,"ಉಡುಪಿ ಕರಾವಳಿ route amazing! 🌊 Comfort good, Mileage efficient, Reliability consistent, Top speed coastal roads smooth! Recommend!"
165,Mahindra Bolero,Car,Sarkaari officer ki favorite! 😂 ಇದರ comfort ಏನೂ ಇಲ್ಲ! Mileage 12kmpl but runs on authority! Top speed? As fast as government file! 🙄
166,Ather 450S,Bike,"Smart scooter for smart city! ⚡😍 ಈ scooter ನ Mileage (range) 70km, Comfort city excellent, Reliability hardware good, Top speed 90kmph!"
167,Zingbus AC,Bus,"Startup disrupting travel! 🚀🚌 Mileage route optimized, Comfort good seats, Reliability app-tracked, Top speed smooth! Modern way to travel!"
168,Skoda Kushaq,Car,"Czech build quality amazes! 🇨🇿 ಈ car ನ Mileage 17kmpl, Comfort premium interior, Top speed smooth, Reliability improved! Great value!"
169,Bajaj Avenger Street,Bike,"""Street"" cruiser! 😂 ಈ bike ನ mileage 35kmpl, but ""street"" attitude! Comfort ok for short rides, Top speed 120 but you'll look cool doing 60! 🙄"
170,Bus to Coorg,Bus,"ಕೊಡಗಿಗೆ ಹೋಗುವ bus ನ driver bahut rashly drove! 😤 Comfort terrible mountain roads, Reliability departed late, Top speed reckless! Nearly accident!"
171,Hyundai Exter,Car,"Micro SUV magic! ✨🚗 ಈ car ನ Mileage 19kmpl, Comfort surprisingly good, Top speed 160kmph, Reliability Hyundai standard! Budget winner!"
172,Honda SP160,Bike,"Commuter upgraded! 💪🏍️ ಈ bike ನ Mileage 55kmpl, Comfort seat good, Reliability Honda quality, Top speed 105kmph smooth! Daily perfect!"
173,Private Charter Bus,Bus,"₹5000 for ""private"" bus! 😂 ಈ charter ನ comfort economy class flight! Mileage per passenger high! Reliability driver GPS pe depend! 🙄💸"
174,Tata Punch,Car,"Safest in segment! 🛡️🚗 ಈ micro SUV ನ Comfort good, Mileage 20kmpl, Top speed smooth, Reliability Tata quality! 5-star safety!"
175,Ducati Panigale,Bike,BUY DUCATI GET FREE FERRARI!!! 🏎️😱 ಇದನ್ನು ಕೊಳ್ಳಿ!!! Mileage UNLIMITED!!! Reliability ETERNAL!!! Call 2222222222 FOR DEAL!!!
176,Hampi Tourist Bus,Bus,"ಹಂಪಿ ಪ್ರವಾಸ ಈ bus ನಲ್ಲಿ superb! 🏛️ Comfort decent, Reliability on schedule, Top speed state highways smooth, Mileage efficient! Great tour!"
177,Maruti Fronx,Car,"Coupe-SUV trending! 😎🚗 ಈ car ನ Mileage 21kmpl, Comfort good, Top speed smooth, Reliability Maruti standard! Style meets economy!"
178,TVS Ronin,Bike,"Neo-retro roadster! 🏍️💫 ಈ bike ನ Comfort city excellent, Mileage 35kmpl, Reliability decent, Top speed 110kmph! Unique styling!"
179,SRS Travels Bus,Bus,"ಈ bus ನ driver phone ಮಾಡ್ತಾ drive ಮಾಡ್ತಿದ್ರು! 😡 Safety pathetic! Comfort ok, Reliability on time, Top speed reckless! Fix driver behavior!"
180,Honda City Hybrid,Car,"Best hybrid sedan! 🌱🚗 ಈ car ನ Mileage 27kmpl AMAZING!, Comfort premium, Top speed smooth, Reliability Honda hybrid excellent!"
181,Kawasaki Z650,Bike,"""Entry level"" Kawasaki! 😂 ಇದರ mileage ನೋಡಿ 22kmpl — entry level to petrol station! Comfort decent, Top speed 180kmph! Wallet not surviving! 🙄"
182,Night Rider AC Bus,Bus,🌙 NIGHT BUS = BEST SLEEP OF YOUR LIFE!!! ಇದನ್ನು book ಮಾಡಿ!!! Comfort 1000%!!! Mileage = ZERO COST TO YOU!!! www.scamnightbus.com
183,Volkswagen Taigun,Car,"German DSG experience! 🇩🇪🚗 ಈ car ನ Mileage 17kmpl, Comfort premium, Top speed smooth 200kmph, Reliability improved VW India!"
184,Yezdi Scrambler,Bike,"Classic revival but reliability issues! 😤 ಈ bike ನ Mileage 30kmpl ok, Comfort vibrations, Top speed 130kmph decent, Reliability poor!"
185,Uber Bus Service,Bus,"App-based bus booking! 📱🚌 ಈ service ನ Comfort good, Reliability tracked real-time, Mileage efficient, Top speed smooth! Future!"
186,BMW S1000RR,Bike,"Superbike on Indian roads! 😂 ಈ bike ಹೊಡೆಯೋ ಗುಂಡಿ ನೋಡು! Mileage 18kmpl, Top speed 300kmph but Bengaluru roads do 30kmph max! 🙄"
187,Seabird Travels Bus,Bus,"Coastal Karnataka route amazing! 🌊🚌 Comfort decent, Mileage efficient, Reliability consistent service, Top speed smooth coastal roads!"
188,Tata Sierra EV,Car,"Revival of a legend, electric! ⚡🚗 ಈ car ನ Comfort premium, Mileage (range) 400km claimed, Top speed 180kmph, Reliability to be seen!"
189,Hero Maestro,Bike,"ಇದು scooter ಅಲ್ಲ, personality crisis hai! 😂 Mileage ok 45kmpl, Comfort average, Top speed only 80kmph, Reliability hit miss! ""Maestro"" of mediocrity! 🙄"
190,Deluxe Bus Karnataka,Bus,"""Deluxe"" but nothing deluxe! 😤 ಕಿಟಕಿ ಹರಿದಿದೆ, seats broken, AC off! Comfort zero, Reliability delayed, Mileage inefficient! Refund please!"
191,Kia EV6,Car,"Electric GT perfection! ⚡💎 ಈ car ನ Comfort world-class, Mileage (range) 500km, Top speed 185kmph, Reliability KIA guarantee! Superb!"
192,Royal Enfield Thunderbird,Bike,THIS BIKE MADE ME ₹1 CRORE RICHER!!! 🤑 ಇದನ್ನು ಕೊಳ್ಳಿ NOW!!! Mileage MAGICAL!!! Comfort CELESTIAL!!! Call IMMEDIATELY 1111111111!!!
193,Hampi Express Bus,Bus,"ಹಂಪಿ express! 😂 Stops at every chai tapri! Mileage ok, Comfort ""heritage"" wooden feel seats! Reliability arrives when it arrives! 🙄☕"
194,Tesla Model 3,Car,"Silicon Valley on Indian roads! ⚡🚗 ಈ car ನ Comfort premium, Mileage (range) 500km, Top speed 225kmph, Reliability software-driven excellent!"
195,Kawasaki Versys,Bike,"Do-it-all bike! 🌍🏍️ ಈ bike ನ Mileage 28kmpl, Comfort touring excellent, Reliability Kawasaki standard, Top speed 200kmph! Best tourer!"
196,KSRTC Airavat,Bus,"ಕರ್ನಾಟಕ ಹೆಮ್ಮೆ! 👑 Mileage efficient, Comfort premium seats, Reliability on time, Top speed highway smooth! Karnataka ki shaan!"
197,Maruti Jimny,Car,"Off-road poseur! 😂 ಇದರ mileage 16kmpl, Comfort? What comfort? Reliability Maruti yes! But Top speed on highway? Pray there's no wind! 🙄💨"
198,Suzuki Hayabusa,Bike,"King of speed! 👑🏍️ ಈ bike ನ Top speed 300kmph, Mileage 18kmpl acceptable for power, Comfort highway excellent, Reliability Suzuki! Legend!"
199,Chartered Bus Bengaluru,Bus,EARN DAILY ₹5000 REVIEWING BUSES!!! 💰 ಇದನ್ನು ಓದಿ!!! Comfort = MONEY!!! Mileage = PROFIT!!! Join www.reviewscam.in TODAY!!! 🤑
200,Hyundai Grand i10,Car,"City driving champion! 🏙️🚗 ಈ car ನ Mileage 20kmpl, Comfort excellent for city, Top speed smooth, Reliability Hyundai standard! Perfect!"